,mean_fit_time,std_fit_time,mean_score_time,std_score_time,param_clf__C,param_poly_feats__grade,params,split0_test_accuracy,split1_test_accuracy,split2_test_accuracy,split3_test_accuracy,split4_test_accuracy,split5_test_accuracy,split6_test_accuracy,split7_test_accuracy,split8_test_accuracy,split9_test_accuracy,mean_test_accuracy,std_test_accuracy,rank_test_accuracy,split0_train_accuracy,split1_train_accuracy,split2_train_accuracy,split3_train_accuracy,split4_train_accuracy,split5_train_accuracy,split6_train_accuracy,split7_train_accuracy,split8_train_accuracy,split9_train_accuracy,mean_train_accuracy,std_train_accuracy,split0_test_precision_weighted,split1_test_precision_weighted,split2_test_precision_weighted,split3_test_precision_weighted,split4_test_precision_weighted,split5_test_precision_weighted,split6_test_precision_weighted,split7_test_precision_weighted,split8_test_precision_weighted,split9_test_precision_weighted,mean_test_precision_weighted,std_test_precision_weighted,rank_test_precision_weighted,split0_train_precision_weighted,split1_train_precision_weighted,split2_train_precision_weighted,split3_train_precision_weighted,split4_train_precision_weighted,split5_train_precision_weighted,split6_train_precision_weighted,split7_train_precision_weighted,split8_train_precision_weighted,split9_train_precision_weighted,mean_train_precision_weighted,std_train_precision_weighted,split0_test_recall_weighted,split1_test_recall_weighted,split2_test_recall_weighted,split3_test_recall_weighted,split4_test_recall_weighted,split5_test_recall_weighted,split6_test_recall_weighted,split7_test_recall_weighted,split8_test_recall_weighted,split9_test_recall_weighted,mean_test_recall_weighted,std_test_recall_weighted,rank_test_recall_weighted,split0_train_recall_weighted,split1_train_recall_weighted,split2_train_recall_weighted,split3_train_recall_weighted,split4_train_recall_weighted,split5_train_recall_weighted,split6_train_recall_weighted,split7_train_recall_weighted,split8_train_recall_weighted,split9_train_recall_weighted,mean_train_recall_weighted,std_train_recall_weighted,split0_test_f1_weighted,split1_test_f1_weighted,split2_test_f1_weighted,split3_test_f1_weighted,split4_test_f1_weighted,split5_test_f1_weighted,split6_test_f1_weighted,split7_test_f1_weighted,split8_test_f1_weighted,split9_test_f1_weighted,mean_test_f1_weighted,std_test_f1_weighted,rank_test_f1_weighted,split0_train_f1_weighted,split1_train_f1_weighted,split2_train_f1_weighted,split3_train_f1_weighted,split4_train_f1_weighted,split5_train_f1_weighted,split6_train_f1_weighted,split7_train_f1_weighted,split8_train_f1_weighted,split9_train_f1_weighted,mean_train_f1_weighted,std_train_f1_weighted
0,0.1336491584777832,0.008199563209544495,0.04456179141998291,0.01381577361510417,0.01,1,"{'clf__C': 0.01, 'poly_feats__grade': 1}",0.9125,0.9375,0.95,0.95,0.8875,0.925,0.9,0.95,0.9375,0.9125,0.92625,0.021249999999999995,27,0.9277777777777778,0.9277777777777778,0.9236111111111112,0.925,0.9333333333333333,0.9263888888888889,0.9291666666666667,0.925,0.9263888888888889,0.9291666666666667,0.9273611111111112,0.00263888888888888,0.9115056818181818,0.9408647486772488,0.95,0.9507205513784461,0.8902777777777778,0.9275815217391304,0.9089285714285715,0.9507631257631258,0.9378968253968253,0.9134027777777778,0.9281941581757086,0.020133199638957523,27,0.9278865764244909,0.9278374423055274,0.9236742757818547,0.9249358875208679,0.9333795715858356,0.9269745982755242,0.9289613240777641,0.9251443448704415,0.926437638691336,0.9293316139032602,0.9274563273436902,0.0026166483032089697,0.9125,0.9375,0.95,0.95,0.8875,0.925,0.9,0.95,0.9375,0.9125,0.92625,0.021249999999999995,27,0.9277777777777778,0.9277777777777778,0.9236111111111112,0.925,0.9333333333333333,0.9263888888888889,0.9291666666666667,0.925,0.9263888888888889,0.9291666666666667,0.9273611111111112,0.00263888888888888,0.9117524916943521,0.9372012578616353,0.95,0.9500707102451289,0.8886170212765958,0.9257045436832672,0.8992975734355045,0.9497607778743682,0.9374176005273567,0.9109842505875339,0.9260806227185742,0.02124805082024466,27,0.9274535262425307,0.9276080951771951,0.9232000455479313,0.9246486735474785,0.9330360448423104,0.9262118138580541,0.928882687287469,0.9246355997106706,0.9260958484248082,0.9290085356530973,0.9270780870291544,0.002674407603640385
1,0.13252561092376708,0.00381532420885007,0.03570592403411865,0.007178823670852758,0.01,2,"{'clf__C': 0.01, 'poly_feats__grade': 2}",0.925,0.9375,0.95,0.95,0.8875,0.95,0.9125,0.9625,0.9375,0.925,0.93375,0.02095381826780026,25,0.9361111111111111,0.9347222222222222,0.9319444444444445,0.9319444444444445,0.9402777777777778,0.9319444444444445,0.9375,0.9305555555555556,0.9333333333333333,0.9347222222222222,0.9343055555555555,0.0028497617400948774,0.925,0.9408647486772488,0.95,0.9507205513784461,0.8902777777777778,0.9523809523809523,0.9204199735449736,0.9634589947089948,0.9378968253968253,0.9252293417366946,0.9356249165601913,0.02007772243889791,25,0.9363768490487614,0.9349348979521394,0.9322588642711996,0.9321259231419595,0.9404366076828463,0.9326863892419107,0.9374537761461509,0.9308084900626917,0.9335874082182862,0.9349858701026895,0.9345655075868635,0.0027619041229100514,0.925,0.9375,0.95,0.95,0.8875,0.95,0.9125,0.9625,0.9375,0.925,0.93375,0.02095381826780026,25,0.9361111111111111,0.9347222222222222,0.9319444444444445,0.9319444444444445,0.9402777777777778,0.9319444444444445,0.9375,0.9305555555555556,0.9333333333333333,0.9347222222222222,0.9343055555555555,0.0028497617400948774,0.925,0.9372012578616353,0.95,0.9500707102451289,0.8886170212765958,0.9500815217391304,0.9128256626403779,0.9621953286177425,0.9374176005273567,0.9242861305361305,0.9337695233444098,0.02067022751653739,25,0.9359735278667669,0.9347362927956804,0.9318560831550186,0.9318380631632236,0.9401807723533753,0.9320490724449579,0.9373733608793269,0.9303596859297694,0.9332637278474809,0.9346957425278529,0.9342326328963452,0.002843093011328742
2,0.13355555534362792,0.005819643622211235,0.03406071662902832,0.005738205592096833,0.01,3,"{'clf__C': 0.01, 'poly_feats__grade': 3}",0.925,0.9375,0.95,0.95,0.9,0.9625,0.925,0.9625,0.9375,0.925,0.9375,0.018540496217739146,21,0.9375,0.9375,0.9361111111111111,0.9361111111111111,0.9416666666666667,0.9333333333333333,0.9375,0.9347222222222222,0.9375,0.9388888888888889,0.9370833333333332,0.002156135374480551,0.925,0.9408647486772488,0.95,0.9507205513784461,0.9027777777777779,0.9643750000000001,0.9326704545454545,0.9634589947089948,0.9378968253968253,0.9252293417366946,0.9392993694221441,0.01800568240999661,23,0.9379316351985636,0.9377704705070434,0.9365094883568085,0.936392586523042,0.9418775650033038,0.934180540923406,0.9376727230747371,0.9350657959216176,0.9378234649019094,0.9392294329584069,0.9374453703368838,0.0020413165295619213,0.925,0.9375,0.95,0.95,0.9,0.9625,0.925,0.9625,0.9375,0.925,0.9375,0.018540496217739146,21,0.9375,0.9375,0.9361111111111111,0.9361111111111111,0.9416666666666667,0.9333333333333333,0.9375,0.9347222222222222,0.9375,0.9388888888888889,0.9370833333333332,0.002156135374480551,0.925,0.9372012578616353,0.95,0.9500707102451289,0.9011170212765958,0.962597547380156,0.9262380777696257,0.9621953286177425,0.9374176005273567,0.9242861305361305,0.937612367421437,0.018263069423258622,23,0.9375778968219529,0.9375658516622756,0.9361427532371079,0.9361261738090846,0.9416313038510716,0.9335539589454505,0.9375403808412064,0.9346619810710242,0.9375357687256667,0.9389325526722038,0.9371268621637044,0.0021235814845155547
3,0.12815432548522948,0.004165903824244075,0.03398377895355224,0.0053879301110031485,0.03,1,"{'clf__C': 0.03, 'poly_feats__grade': 1}",0.9125,0.9375,0.95,0.95,0.8875,0.9375,0.9125,0.9625,0.9375,0.925,0.93125,0.021102428770167672,26,0.9333333333333333,0.9319444444444445,0.9291666666666667,0.9291666666666667,0.9375,0.9305555555555556,0.9333333333333333,0.9277777777777778,0.9305555555555556,0.9319444444444445,0.931527777777778,0.0026388888888888794,0.9115056818181818,0.9408647486772488,0.95,0.9507205513784461,0.8902777777777778,0.940625,0.9204199735449736,0.9634589947089948,0.9378968253968253,0.9252293417366946,0.9330998895039143,0.02044621358000667,26,0.9336654193047986,0.9321454336109508,0.9294536162942045,0.9293300783979106,0.9376314751391353,0.9312402029361843,0.9333756779575806,0.9279881952781112,0.9307919796061053,0.9321883071831323,0.9317810385708114,0.002601932480242712,0.9125,0.9375,0.95,0.95,0.8875,0.9375,0.9125,0.9625,0.9375,0.925,0.93125,0.021102428770167672,26,0.9333333333333333,0.9319444444444445,0.9291666666666667,0.9291666666666667,0.9375,0.9305555555555556,0.9333333333333333,0.9277777777777778,0.9305555555555556,0.9319444444444445,0.931527777777778,0.0026388888888888794,0.9117524916943521,0.9372012578616353,0.95,0.9500707102451289,0.8886170212765958,0.9382385730211817,0.9128256626403779,0.9621953286177425,0.9374176005273567,0.9242861305361305,0.9312604776420501,0.02090781243665745,26,0.9332967044055823,0.9319529718745685,0.9290655148958195,0.9290520348482523,0.9373900064743741,0.9305902527859069,0.9332623635708441,0.9275619423343263,0.9304778869826925,0.9319086281503253,0.9314558306322691,0.002658548547563052
4,0.1342975378036499,0.007397349114820334,0.03983962535858154,0.00759877148272965,0.03,2,"{'clf__C': 0.03, 'poly_feats__grade': 2}",0.925,0.9375,0.95,0.95,0.8875,0.9625,0.925,0.975,0.9375,0.925,0.9375,0.023048861143232215,21,0.9402777777777778,0.9375,0.9375,0.9375,0.9430555555555555,0.9333333333333333,0.9402777777777778,0.9347222222222222,0.9375,0.9388888888888889,0.9380555555555554,0.0026498311150470618,0.925,0.9408647486772488,0.95,0.9507205513784461,0.8927777777777779,0.9643750000000001,0.9326704545454545,0.9768518518518519,0.9378968253968253,0.9252293417366946,0.93963865513643,0.022131037296198364,21,0.9404087134573246,0.9376478062578473,0.9376309894105118,0.9375291737217849,0.9430613405093684,0.934180540923406,0.9401508541423614,0.9350303707603312,0.9376600884515508,0.9391185154230511,0.9382418393057537,0.002464058603555876,0.925,0.9375,0.95,0.95,0.8875,0.9625,0.925,0.975,0.9375,0.925,0.9375,0.023048861143232215,21,0.9402777777777778,0.9375,0.9375,0.9375,0.9430555555555555,0.9333333333333333,0.9402777777777778,0.9347222222222222,0.9375,0.9388888888888889,0.9380555555555554,0.0026498311150470618,0.925,0.9372012578616353,0.95,0.9500707102451289,0.88954946321889,0.962597547380156,0.9262380777696257,0.9745879120879121,0.9374176005273567,0.9242861305361305,0.9376948699626834,0.022530713200538923,21,0.9402129335108059,0.937539779573692,0.9374351352786798,0.9374227463171707,0.9429362643782326,0.9335539589454505,0.940174962812733,0.9346552281448115,0.9375029609809779,0.9389453469513439,0.9380379316893899,0.002587266146274836
5,0.13731100559234619,0.008097999715624827,0.040507030487060544,0.00685763392043752,0.03,3,"{'clf__C': 0.03, 'poly_feats__grade': 3}",0.925,0.9375,0.95,0.95,0.8875,0.9625,0.925,0.975,0.9375,0.925,0.9375,0.023048861143232215,21,0.9388888888888889,0.9388888888888889,0.9361111111111111,0.9388888888888889,0.9430555555555555,0.9361111111111111,0.9402777777777778,0.9361111111111111,0.9375,0.9402777777777778,0.9386111111111111,0.0021336515966301614,0.925,0.9408647486772488,0.95,0.9507205513784461,0.8927777777777779,0.9643750000000001,0.9326704545454545,0.9768518518518519,0.9378968253968253,0.9252293417366946,0.93963865513643,0.022131037296198364,21,0.9390999448006081,0.9389557982642275,0.9363298308398808,0.9388421273285855,0.9430613405093684,0.9365733722137469,0.9401508541423614,0.9363121714283162,0.9376600884515508,0.9404366621247848,0.938742219010343,0.002032078181237655,0.925,0.9375,0.95,0.95,0.8875,0.9625,0.925,0.975,0.9375,0.925,0.9375,0.023048861143232215,21,0.9388888888888889,0.9388888888888889,0.9361111111111111,0.9388888888888889,0.9430555555555555,0.9361111111111111,0.9402777777777778,0.9361111111111111,0.9375,0.9402777777777778,0.9386111111111111,0.0021336515966301614,0.925,0.9372012578616353,0.95,0.9500707102451289,0.88954946321889,0.962597547380156,0.9262380777696257,0.9745879120879121,0.9374176005273567,0.9242861305361305,0.9376948699626834,0.022530713200538923,21,0.9388827192735142,0.938871856296639,0.9361087314568033,0.9388033093810157,0.9429362643782326,0.9362160912046085,0.940174962812733,0.9360399744160001,0.9375029609809779,0.9403225388002072,0.9385859409000734,0.002099778473835719
6,0.13528435230255126,0.009733710463351386,0.040268993377685545,0.007644110391055192,0.1,1,"{'clf__C': 0.1, 'poly_feats__grade': 1}",0.925,0.9375,0.95,0.95,0.9,0.9375,0.9125,0.975,0.9375,0.925,0.935,0.019999999999999983,24,0.9375,0.9375,0.9347222222222222,0.9347222222222222,0.9430555555555555,0.9333333333333333,0.9388888888888889,0.9319444444444445,0.9375,0.9375,0.9366666666666668,0.002991758226185825,0.925,0.9408647486772488,0.95,0.9507205513784461,0.9027777777777779,0.9400328947368422,0.9204199735449736,0.9768518518518519,0.9378968253968253,0.9252293417366946,0.9369793965100659,0.01923269241878539,24,0.9375540936180508,0.9376027444728744,0.9347762181992256,0.9346889466432265,0.9431760386523984,0.9340177864932196,0.938821376854135,0.9321623480515944,0.9375942338268727,0.9375775865679544,0.9367971373379552,0.0029152876718267495,0.925,0.9375,0.95,0.95,0.9,0.9375,0.9125,0.975,0.9375,0.925,0.935,0.019999999999999983,24,0.9375,0.9375,0.9347222222222222,0.9347222222222222,0.9430555555555555,0.9333333333333333,0.9388888888888889,0.9319444444444445,0.9375,0.9375,0.9366666666666668,0.002991758226185825,0.925,0.9372012578616353,0.95,0.9500707102451289,0.9010344827586207,0.9379267227093315,0.9128256626403779,0.9745879120879121,0.9374176005273567,0.9242861305361305,0.9350350479366493,0.01974517014157248,24,0.9374004694671361,0.9375172534086162,0.9346225964554388,0.9346175132902336,0.9430453840916414,0.9334243856089166,0.9388319792031353,0.9318361464640088,0.9374773268594259,0.9374684610003035,0.9366241515848855,0.003002400905574016
7,0.13766074180603027,0.007956902930550947,0.04312336444854736,0.012998617943528598,0.1,2,"{'clf__C': 0.1, 'poly_feats__grade': 2}",0.925,0.9375,0.95,0.95,0.9,0.95,0.925,0.975,0.95,0.9375,0.94,0.019202864369671495,19,0.9430555555555555,0.9430555555555555,0.9402777777777778,0.9416666666666667,0.9458333333333333,0.9402777777777778,0.9444444444444444,0.9375,0.9416666666666667,0.9402777777777778,0.9418055555555556,0.002277947148174537,0.925,0.9408647486772488,0.95,0.9507205513784461,0.9027777777777779,0.9512828947368421,0.9326704545454545,0.9768518518518519,0.95,0.9370989304812835,0.9417267209448906,0.018557632733067347,20,0.9431569455872125,0.9430809755218515,0.9402110983254873,0.9415990701361718,0.9457989243491124,0.9406376827662205,0.9443246597420047,0.9375720072751322,0.941714213619248,0.9402168478729269,0.9418312425195368,0.0022392712332875856,0.925,0.9375,0.95,0.95,0.9,0.95,0.925,0.975,0.95,0.9375,0.94,0.019202864369671495,19,0.9430555555555555,0.9430555555555555,0.9402777777777778,0.9416666666666667,0.9458333333333333,0.9402777777777778,0.9444444444444444,0.9375,0.9416666666666667,0.9402777777777778,0.9418055555555556,0.002277947148174537,0.925,0.9372012578616353,0.95,0.9500707102451289,0.9010344827586207,0.9497856970683058,0.9262380777696257,0.9745879120879121,0.95,0.9369949494949494,0.9400913087286178,0.01882281776242325,20,0.9430351908550768,0.9430609131949893,0.9401845915812967,0.9415738099999916,0.9457562706523258,0.9403722689777116,0.9443809527849075,0.937410401170939,0.9416471215115914,0.94018800238664,0.941760952311547,0.0022804243954036396
8,0.1395047903060913,0.008709447684253179,0.036136722564697264,0.007116462663197711,0.1,3,"{'clf__C': 0.1, 'poly_feats__grade': 3}",0.925,0.9375,0.95,0.95,0.9,0.95,0.9375,0.975,0.95,0.95,0.9425,0.018708286933869684,18,0.9472222222222222,0.9472222222222222,0.9472222222222222,0.9458333333333333,0.9527777777777777,0.9444444444444444,0.9458333333333333,0.9458333333333333,0.9472222222222222,0.9444444444444444,0.9468055555555555,0.0022438186696393685,0.925,0.9408647486772488,0.95,0.9507205513784461,0.9027777777777779,0.9512828947368421,0.9492647058823529,0.9768518518518519,0.95,0.9500408496732027,0.9446803379977722,0.018382416428095457,18,0.947421359769397,0.9473666219749054,0.9472562350045877,0.9457144192550307,0.9528652192904083,0.9448940720611917,0.9456976798435649,0.9460990405161079,0.947271172551493,0.9446627699592013,0.9469248590225888,0.0022102837532339023,0.925,0.9375,0.95,0.95,0.9,0.95,0.9375,0.975,0.95,0.95,0.9425,0.018708286933869684,18,0.9472222222222222,0.9472222222222222,0.9472222222222222,0.9458333333333333,0.9527777777777777,0.9444444444444444,0.9458333333333333,0.9458333333333333,0.9472222222222222,0.9444444444444444,0.9468055555555555,0.0022438186696393685,0.925,0.9372012578616353,0.95,0.9500707102451289,0.9010344827586207,0.9497856970683058,0.938659420289855,0.9745879120879121,0.95,0.9496826371826372,0.9426022117494095,0.01836432079572397,18,0.9472625914940904,0.947282837870981,0.9471947020903932,0.9457377809456025,0.9528075982584839,0.9445451673238298,0.9457615416835276,0.9458202979105556,0.9472028834123445,0.9443815717347047,0.9467996972724512,0.002257344697949406
9,0.13631536960601806,0.009807102686376587,0.036408209800720216,0.00696279519978279,0.3,1,"{'clf__C': 0.3, 'poly_feats__grade': 1}",0.925,0.9375,0.95,0.95,0.9,0.9375,0.925,0.975,0.95,0.95,0.94,0.019202864369671495,19,0.9444444444444444,0.9444444444444444,0.9458333333333333,0.9458333333333333,0.9486111111111111,0.9430555555555555,0.9430555555555555,0.9444444444444444,0.9430555555555555,0.9444444444444444,0.9447222222222221,0.0016197088596792445,0.925,0.9408647486772488,0.95,0.9507205513784461,0.9027777777777779,0.9400328947368422,0.9326704545454545,0.9768518518518519,0.95,0.95,0.9418918278967621,0.01844495599053658,19,0.9444732026472608,0.9445126342795727,0.945940337516644,0.9457144192550307,0.9485855047087585,0.9434051715449121,0.9430485254169377,0.9446164946596383,0.9431822693338897,0.9446431401024226,0.9448121699465067,0.001560224791388809,0.925,0.9375,0.95,0.95,0.9,0.9375,0.925,0.975,0.95,0.95,0.94,0.019202864369671495,19,0.9444444444444444,0.9444444444444444,0.9458333333333333,0.9458333333333333,0.9486111111111111,0.9430555555555555,0.9430555555555555,0.9444444444444444,0.9430555555555555,0.9444444444444444,0.9447222222222221,0.0016197088596792445,0.925,0.9372012578616353,0.95,0.9500707102451289,0.9010344827586207,0.9379267227093315,0.9262380777696257,0.9745879120879121,0.95,0.95,0.9402059163432255,0.018820606594056828,19,0.9444148254826852,0.9444609971092185,0.9458148763225729,0.9457377809456025,0.9485381243757852,0.9431443551494699,0.9430480756238333,0.9444257028980354,0.9430485115387608,0.9444385506056804,0.9447071800051644,0.0015877330525365047
10,0.131911301612854,0.005486199348448763,0.04291620254516602,0.006213132776055881,0.3,2,"{'clf__C': 0.3, 'poly_feats__grade': 2}",0.9375,0.95,0.95,0.9625,0.9,0.975,0.975,0.975,0.9625,0.975,0.95625,0.022534695471649924,17,0.9569444444444445,0.9569444444444445,0.9569444444444445,0.9569444444444445,0.9611111111111111,0.9555555555555556,0.9541666666666667,0.9625,0.9583333333333334,0.9541666666666667,0.9573611111111113,0.002564747960086017,0.9374717194570135,0.9570806100217866,0.95,0.9650000000000001,0.9027777777777779,0.9756578947368422,0.9758928571428571,0.9768518518518519,0.9630921052631578,0.977,0.9580824816251285,0.02226871979366255,17,0.9569642092950983,0.956933819843464,0.9569234488790871,0.9568391546870321,0.9610694880102603,0.9555323098432865,0.9541673099473245,0.9624477049457996,0.9582500317641828,0.9541907980435005,0.9573318275259035,0.002545721139945787,0.9375,0.95,0.95,0.9625,0.9,0.975,0.975,0.975,0.9625,0.975,0.95625,0.022534695471649924,17,0.9569444444444445,0.9569444444444445,0.9569444444444445,0.9569444444444445,0.9611111111111111,0.9555555555555556,0.9541666666666667,0.9625,0.9583333333333334,0.9541666666666667,0.9573611111111113,0.002564747960086017,0.9372198879551821,0.9496597133846068,0.95,0.962562656641604,0.9010344827586207,0.9750359401955148,0.9751039304610734,0.9745879120879121,0.9625,0.974826388888889,0.9562530912373401,0.022275655795997086,17,0.9569468697285577,0.9569211806034343,0.956926484484499,0.9568877399834682,0.96107982645153,0.9555403729103467,0.954163012875134,0.9624633733301684,0.9582880584858057,0.9541712701373898,0.9573388188990334,0.0025536700297280153
11,0.13613452911376953,0.006766336257542273,0.04618337154388428,0.007627240957690657,0.3,3,"{'clf__C': 0.3, 'poly_feats__grade': 3}",0.95,0.95,0.95,0.9875,0.9125,0.975,0.975,0.975,0.975,0.9875,0.96375,0.021972994789058703,15,0.9708333333333333,0.9680555555555556,0.9722222222222222,0.9638888888888889,0.9708333333333333,0.9694444444444444,0.9666666666666667,0.9722222222222222,0.9694444444444444,0.9694444444444444,0.9693055555555556,0.0024414438654509563,0.95,0.9570806100217866,0.95,0.9881578947368421,0.9161327231121282,0.9756578947368422,0.9758928571428571,0.9768518518518519,0.975,0.9880208333333333,0.9652794664935641,0.021068708498935152,15,0.9707973385653074,0.9679124482152174,0.9721133907184836,0.9638174112680692,0.9707350277024304,0.969434136582982,0.9666627498055691,0.9720691497145872,0.9692713047357917,0.9693862975792323,0.969219925488767,0.0024245823671158874,0.95,0.95,0.95,0.9875,0.9125,0.975,0.975,0.975,0.975,0.9875,0.96375,0.021972994789058703,15,0.9708333333333333,0.9680555555555556,0.9722222222222222,0.9638888888888889,0.9708333333333333,0.9694444444444444,0.9666666666666667,0.9722222222222222,0.9694444444444444,0.9694444444444444,0.9693055555555556,0.0024414438654509563,0.95,0.9496597133846068,0.95,0.9875413678985108,0.9134369650281243,0.9750359401955148,0.9751039304610734,0.9745879120879121,0.975,0.9874640598044854,0.9637829888860228,0.021764063551297216,15,0.9708047743929998,0.9679764589297203,0.9721602277460426,0.9638495272246563,0.9707738112184924,0.9694356188035099,0.9666571739164626,0.972127886383303,0.9693400702476574,0.969411635800394,0.9692537184663239,0.0024304175488573687
12,0.1330127477645874,0.007526271755943262,0.03969087600708008,0.0046373705051650435,1,1,"{'clf__C': 1, 'poly_feats__grade': 1}",0.9375,0.95,0.95,0.9875,0.925,0.975,0.975,0.9625,0.9625,0.975,0.96,0.018371173070873832,16,0.9652777777777778,0.9652777777777778,0.9694444444444444,0.9652777777777778,0.9680555555555556,0.9666666666666667,0.9666666666666667,0.9708333333333333,0.9666666666666667,0.9694444444444444,0.9673611111111112,0.0018890931262132494,0.9374717194570135,0.9570806100217866,0.95,0.9881578947368421,0.9270833333333334,0.9756578947368422,0.9758928571428571,0.9625686813186813,0.9630921052631578,0.975,0.9612005096010514,0.017935773816399565,16,0.9651987429752654,0.9652500557731298,0.969384018269191,0.9651986934710992,0.967921376443551,0.9666537712350429,0.9666627498055691,0.9707734267832647,0.9666030191855663,0.9693862975792323,0.9673032151520913,0.001883852220717648,0.9375,0.95,0.95,0.9875,0.925,0.975,0.975,0.9625,0.9625,0.975,0.96,0.018371173070873832,16,0.9652777777777778,0.9652777777777778,0.9694444444444444,0.9652777777777778,0.9680555555555556,0.9666666666666667,0.9666666666666667,0.9708333333333333,0.9666666666666667,0.9694444444444444,0.9673611111111112,0.0018890931262132494,0.9372198879551821,0.9496597133846068,0.95,0.9875413678985108,0.9256773399014779,0.9750359401955148,0.9751039304610734,0.9622210953346857,0.9625,0.975,0.9599959275131051,0.01831070256869747,16,0.9652341474180555,0.9652155525542336,0.9694021980105201,0.9652341349677943,0.9679763239667478,0.9666565696248773,0.9666571739164626,0.9707991854888407,0.9666311957407077,0.969411635800394,0.9673218117488634,0.0018902431439552826
13,0.140047025680542,0.009614172208561502,0.041847944259643555,0.006686062557648122,1,2,"{'clf__C': 1, 'poly_feats__grade': 2}",0.9625,0.975,0.9625,0.9875,0.9375,0.975,0.9875,0.975,0.975,0.9875,0.9725,0.01457737973711326,13,0.9777777777777777,0.9736111111111111,0.975,0.9722222222222222,0.9791666666666666,0.975,0.9708333333333333,0.9777777777777777,0.975,0.975,0.9751388888888888,0.0024414438654509563,0.9627262443438914,0.9762962962962962,0.9627680311890838,0.9881578947368421,0.9390000000000001,0.9756578947368422,0.9879629629629629,0.975,0.975,0.9880208333333333,0.973059015759925,0.014392414160407067,14,0.977682792560892,0.9735123119613468,0.9748761677209502,0.9720747445010981,0.9791155122397572,0.9749782559355418,0.9708438427927305,0.977685035261946,0.9749403826991606,0.9749754560364139,0.9750684501709838,0.0024364178428855866,0.9625,0.975,0.9625,0.9875,0.9375,0.975,0.9875,0.975,0.975,0.9875,0.9725,0.01457737973711326,13,0.9777777777777777,0.9736111111111111,0.975,0.9722222222222222,0.9791666666666666,0.975,0.9708333333333333,0.9777777777777777,0.975,0.975,0.9751388888888888,0.0024414438654509563,0.9623319327731092,0.9747899635088118,0.9623730043541364,0.9875413678985108,0.9379222378606615,0.9750359401955148,0.9874903735078938,0.975,0.975,0.9874640598044854,0.9724948879903123,0.014493512558119908,13,0.9777018145206307,0.9735377661119917,0.9749095690288759,0.9721201189993661,0.9790961747772766,0.9749614491202836,0.9708202335338793,0.9777033391867007,0.974900518607717,0.9749432484786524,0.9750694232365374,0.0024344068652617764
14,0.16407399177551268,0.04279148891073142,0.04143521785736084,0.008310922617984263,1,3,"{'clf__C': 1, 'poly_feats__grade': 3}",0.9625,0.975,0.9625,1.0,0.9625,0.975,0.9875,0.975,0.975,0.9875,0.97625,0.011792476415070757,11,0.9805555555555555,0.9777777777777777,0.9777777777777777,0.975,0.9805555555555555,0.9777777777777777,0.9777777777777777,0.9805555555555555,0.9791666666666666,0.9777777777777777,0.9784722222222222,0.0016724436914989241,0.9627262443438914,0.9762962962962962,0.9627680311890838,1.0,0.96271875,0.9756578947368422,0.9879629629629629,0.975,0.975,0.9880208333333333,0.9766151012862408,0.0117885683518295,12,0.9804871096168013,0.9777391205424176,0.9776808272191582,0.9748790615570075,0.9804872955022227,0.9777707076356633,0.977740768478133,0.9804688536190338,0.9791124139639807,0.9776814942925992,0.9784047652427017,0.001679229440550959,0.9625,0.975,0.9625,1.0,0.9625,0.975,0.9875,0.975,0.975,0.9875,0.97625,0.011792476415070757,11,0.9805555555555555,0.9777777777777777,0.9777777777777777,0.975,0.9805555555555555,0.9777777777777777,0.9777777777777777,0.9805555555555555,0.9791666666666666,0.9777777777777777,0.9784722222222222,0.0016724436914989241,0.9623319327731092,0.9747899635088118,0.9623730043541364,1.0,0.9623144712430427,0.9750359401955148,0.9874903735078938,0.975,0.975,0.9874640598044854,0.9761799745386993,0.011846213788511717,12,0.9804927363572938,0.9777149015602646,0.9777006588407325,0.9749110408360293,0.9804930663726534,0.9777463979652523,0.9777158935172565,0.9804942667666738,0.9790938019816835,0.977701158635617,0.9784063922833456,0.0016775645650033832
15,0.14821088314056396,0.0352997253220014,0.03648386001586914,0.008837119088976221,3,1,"{'clf__C': 3, 'poly_feats__grade': 1}",0.9625,0.975,0.9625,0.9875,0.95,0.975,0.9875,0.975,0.975,0.975,0.9725,0.010897247358851699,13,0.9777777777777777,0.9763888888888889,0.975,0.9722222222222222,0.9777777777777777,0.9736111111111111,0.9722222222222222,0.9777777777777777,0.9763888888888889,0.975,0.9754166666666666,0.0020647317704608962,0.9627262443438914,0.9762962962962962,0.9627680311890838,0.9881578947368421,0.9521033653846154,0.9756578947368422,0.9879629629629629,0.975,0.975,0.975,0.9730672689650534,0.010632259098284698,13,0.977682792560892,0.9763093242549268,0.9748761677209502,0.9721225199322681,0.9776685291161671,0.9735627083674918,0.9722218883296468,0.9776689523175516,0.9763050512851227,0.9749168621575077,0.9753334796042525,0.002045311272227354,0.9625,0.975,0.9625,0.9875,0.95,0.975,0.9875,0.975,0.975,0.975,0.9725,0.010897247358851699,13,0.9777777777777777,0.9763888888888889,0.975,0.9722222222222222,0.9777777777777777,0.9736111111111111,0.9722222222222222,0.9777777777777777,0.9763888888888889,0.975,0.9754166666666666,0.0020647317704608962,0.9623319327731092,0.9747899635088118,0.9623730043541364,0.9875413678985108,0.9502163009404387,0.9750359401955148,0.9874903735078938,0.975,0.975,0.975,0.9724778883178417,0.010880638575770972,14,0.9777018145206307,0.9763250337337918,0.9749095690288759,0.9721600906463405,0.9777053268917535,0.9735748867298631,0.9722144791251393,0.9777054733055501,0.9763014706032865,0.9749460415817034,0.9753544186166934,0.0020493375626271823
16,0.18060314655303955,0.05620309160106795,0.04293179512023926,0.0062866028678312145,3,2,"{'clf__C': 3, 'poly_feats__grade': 2}",0.9625,0.975,0.975,1.0,0.975,0.975,0.9875,0.975,0.975,0.9875,0.97875,0.009762812094883326,7,0.9819444444444444,0.9805555555555555,0.9791666666666666,0.9777777777777777,0.9819444444444444,0.9791666666666666,0.9805555555555555,0.9833333333333333,0.9833333333333333,0.9833333333333333,0.981111111111111,0.0018839805508681234,0.9627262443438914,0.9762962962962962,0.975,1.0,0.975,0.9756578947368422,0.9879629629629629,0.975,0.975,0.9880208333333333,0.9790664231673325,0.00974669596937246,8,0.9818713790557381,0.9804857279302287,0.9790676678969116,0.9776701811961246,0.9818715307722692,0.9791097053300036,0.9804901609992508,0.9833036742492902,0.9832702498728568,0.9833055985504686,0.9810445875853142,0.001902496968650377,0.9625,0.975,0.975,1.0,0.975,0.975,0.9875,0.975,0.975,0.9875,0.97875,0.009762812094883326,7,0.9819444444444444,0.9805555555555555,0.9791666666666666,0.9777777777777777,0.9819444444444444,0.9791666666666666,0.9805555555555555,0.9833333333333333,0.9833333333333333,0.9833333333333333,0.981111111111111,0.0018839805508681234,0.9623319327731092,0.9747899635088118,0.975,1.0,0.975,0.9750359401955148,0.9874903735078938,0.975,0.975,0.9874640598044854,0.9787112269789815,0.009793648424216539,8,0.9818883827927333,0.9805084188174503,0.9790976527071169,0.9777059356005721,0.9818886378828321,0.9791095737978828,0.9805123483083207,0.9832805564083008,0.9832837618053427,0.9832817702057339,0.9810557038326285,0.0018892804407418483
17,0.19993598461151124,0.05228215609247553,0.03845324516296387,0.009558850153698298,3,3,"{'clf__C': 3, 'poly_feats__grade': 3}",0.975,0.975,0.975,1.0,0.975,0.975,0.9875,0.975,0.975,0.9875,0.98,0.008291561975888517,6,0.9847222222222223,0.9819444444444444,0.9819444444444444,0.9805555555555555,0.9833333333333333,0.9847222222222223,0.9833333333333333,0.9833333333333333,0.9833333333333333,0.9833333333333333,0.9830555555555553,0.0012108052620946577,0.975,0.9762962962962962,0.975,1.0,0.975,0.9756578947368422,0.9879629629629629,0.975,0.975,0.9880208333333333,0.9802937987329433,0.008273153381855145,6,0.9846782340495893,0.9818774890985476,0.9818792752301757,0.9805107690342758,0.9832684144991231,0.984716746688542,0.9832814889125299,0.9833036742492902,0.9832702498728568,0.9833055985504686,0.9830091940185399,0.0012200448688911292,0.975,0.975,0.975,1.0,0.975,0.975,0.9875,0.975,0.975,0.9875,0.98,0.008291561975888517,6,0.9847222222222223,0.9819444444444444,0.9819444444444444,0.9805555555555555,0.9833333333333333,0.9847222222222223,0.9833333333333333,0.9833333333333333,0.9833333333333333,0.9833333333333333,0.9830555555555553,0.0012108052620946577,0.975,0.9747899635088118,0.975,1.0,0.975,0.9750359401955148,0.9874903735078938,0.975,0.975,0.9874640598044854,0.9799780337016705,0.00829818913288971,6,0.9846759370347725,0.9819033182528435,0.9818876353100036,0.9804954910888899,0.9832829551769534,0.984695582184017,0.9832968682651707,0.9832805564083008,0.9832837618053427,0.9832817702057339,0.9830083875732027,0.0012166557781740158
18,0.1821291446685791,0.04903007834926276,0.0396390438079834,0.006021106669085822,10,1,"{'clf__C': 10, 'poly_feats__grade': 1}",0.9625,0.975,0.975,0.9875,0.975,0.975,0.9875,0.975,0.975,0.9875,0.9775,0.007500000000000018,9,0.9819444444444444,0.9791666666666666,0.9791666666666666,0.9763888888888889,0.9819444444444444,0.9805555555555555,0.9791666666666666,0.9833333333333333,0.9805555555555555,0.9819444444444444,0.9804166666666667,0.0019094065395649266,0.9627262443438914,0.9762962962962962,0.975,0.9881578947368421,0.975,0.9756578947368422,0.9879629629629629,0.975,0.975,0.9880208333333333,0.9778822126410166,0.0076183823333923935,10,0.9818713790557381,0.9790844809218814,0.9790676678969116,0.9762862843433495,0.9818715307722692,0.9805056532923088,0.9791185915075105,0.9833036742492902,0.9804704608454438,0.9819490620592078,0.9803528784943911,0.001929392729355163,0.9625,0.975,0.975,0.9875,0.975,0.975,0.9875,0.975,0.975,0.9875,0.9775,0.007500000000000018,9,0.9819444444444444,0.9791666666666666,0.9791666666666666,0.9763888888888889,0.9819444444444444,0.9805555555555555,0.9791666666666666,0.9833333333333333,0.9805555555555555,0.9819444444444444,0.9804166666666667,0.0019094065395649266,0.9623319327731092,0.9747899635088118,0.975,0.9875413678985108,0.975,0.9750359401955148,0.9874903735078938,0.975,0.975,0.9874640598044854,0.9774653637688324,0.007539186130517439,10,0.9818883827927333,0.9791179463882187,0.9790976527071169,0.9763135781122019,0.9818886378828321,0.980517005958292,0.9791218948627824,0.9832805564083008,0.9804950234938057,0.9818879117855588,0.9803608590391845,0.0019136974426238048
19,0.20007991790771484,0.05077606011526624,0.042264676094055174,0.006759098036188362,10,2,"{'clf__C': 10, 'poly_feats__grade': 2}",0.9625,0.975,0.975,1.0,0.975,0.975,0.9875,0.975,0.975,0.9875,0.97875,0.009762812094883326,7,0.9861111111111112,0.9819444444444444,0.9833333333333333,0.9819444444444444,0.9847222222222223,0.9861111111111112,0.9833333333333333,0.9847222222222223,0.9861111111111112,0.9847222222222223,0.9843055555555555,0.0015277777777778208,0.9638157894736843,0.9762962962962962,0.975,1.0,0.975,0.9756578947368422,0.9879629629629629,0.975,0.975,0.9880208333333333,0.9791753776803118,0.009567875921073776,7,0.9860726149758949,0.9818774890985476,0.9832808174405712,0.9819113756613755,0.984669846330527,0.9861105646256496,0.9832814889125299,0.9846987814011103,0.9860743364697271,0.9847005418056806,0.9842677856721614,0.0015383312475109386,0.9625,0.975,0.975,1.0,0.975,0.975,0.9875,0.975,0.975,0.9875,0.97875,0.009762812094883326,7,0.9861111111111112,0.9819444444444444,0.9833333333333333,0.9819444444444444,0.9847222222222223,0.9861111111111112,0.9833333333333333,0.9847222222222223,0.9861111111111112,0.9847222222222223,0.9843055555555555,0.0015277777777778208,0.9628543177323664,0.9747899635088118,0.975,1.0,0.975,0.9750359401955148,0.9874903735078938,0.975,0.975,0.9874640598044854,0.9787634654749071,0.009707154568357775,7,0.9860813374863536,0.9819033182528435,0.9832965856205407,0.9819072587522109,0.9846883299626298,0.986100413142152,0.9832968682651707,0.984689567171717,0.9860823368889909,0.9846905609453125,0.984273657648792,0.0015336865611140945
20,0.1987304210662842,0.04664598907103479,0.04104750156402588,0.009295754674836603,10,3,"{'clf__C': 10, 'poly_feats__grade': 3}",0.975,0.975,0.9875,1.0,0.975,0.975,1.0,0.9875,0.975,0.9875,0.98375,0.009762812094883333,1,0.9861111111111112,0.9833333333333333,0.9847222222222223,0.9833333333333333,0.9861111111111112,0.9861111111111112,0.9833333333333333,0.9847222222222223,0.9861111111111112,0.9847222222222223,0.9848611111111112,0.0011536977587386615,0.975,0.9762962962962962,0.9880952380952381,1.0,0.975,0.9756578947368422,1.0,0.9879807692307694,0.975,0.9880208333333333,0.9841051031692478,0.009657183355585524,1,0.9860726149758949,0.9832818177993139,0.9846685280752022,0.9832823753340058,0.9860835481099658,0.9861105646256496,0.9832814889125299,0.9846987814011103,0.9860743364697271,0.9847005418056806,0.9848254597509081,0.001164192229086714,0.975,0.975,0.9875,1.0,0.975,0.975,1.0,0.9875,0.975,0.9875,0.98375,0.009762812094883333,1,0.9861111111111112,0.9833333333333333,0.9847222222222223,0.9833333333333333,0.9861111111111112,0.9861111111111112,0.9833333333333333,0.9847222222222223,0.9861111111111112,0.9847222222222223,0.9848611111111112,0.0011536977587386615,0.975,0.9747899635088118,0.9875298900047824,1.0,0.975,0.9750359401955148,1.0,0.9874070317782284,0.975,0.9874640598044854,0.9837226885291822,0.009774854592993747,1,0.9860813374863536,0.9832970636906513,0.9846876975417397,0.9832974261127254,0.9860934351362156,0.986100413142152,0.9832968682651707,0.984689567171717,0.9860823368889909,0.9846905609453125,0.9848316706381028,0.0011598692666337986
21,0.19992854595184326,0.05528174394584576,0.03946683406829834,0.007962188162364325,30,1,"{'clf__C': 30, 'poly_feats__grade': 1}",0.9625,0.975,0.975,0.9875,0.975,0.975,0.9875,0.9625,0.975,0.9875,0.97625,0.008750000000000011,11,0.9861111111111112,0.9805555555555555,0.9833333333333333,0.9819444444444444,0.9847222222222223,0.9861111111111112,0.9819444444444444,0.9847222222222223,0.9833333333333333,0.9847222222222223,0.98375,0.0017623024361735863,0.9638157894736843,0.9762962962962962,0.975,0.9881578947368421,0.975,0.9756578947368422,0.9883928571428571,0.962673611111111,0.975,0.9880208333333333,0.9768015176830968,0.008767701495453492,11,0.9860726149758949,0.9804905556633915,0.9832808174405712,0.9819113756613755,0.984669846330527,0.9861105646256496,0.981908427321354,0.9846987814011103,0.983283393868358,0.9847005418056806,0.9837126919093914,0.0017730335646574638,0.9625,0.975,0.975,0.9875,0.975,0.975,0.9875,0.9625,0.975,0.9875,0.97625,0.008750000000000011,11,0.9861111111111112,0.9805555555555555,0.9833333333333333,0.9819444444444444,0.9847222222222223,0.9861111111111112,0.9819444444444444,0.9847222222222223,0.9833333333333333,0.9847222222222223,0.98375,0.0017623024361735863,0.9628543177323664,0.9747899635088118,0.975,0.9875413678985108,0.975,0.9750359401955148,0.9876039304610733,0.962295918367347,0.975,0.9874640598044854,0.9762585497968109,0.008744226538884578,11,0.9860813374863536,0.9805125763047146,0.9832965856205407,0.9819072587522109,0.9846883299626298,0.986100413142152,0.9819056144767224,0.984689567171717,0.9832980077485296,0.9846905609453125,0.9837170251610884,0.0017687525134205471
22,0.16767706871032714,0.05142291950154267,0.04436473846435547,0.010081058331841171,30,2,"{'clf__C': 30, 'poly_feats__grade': 2}",0.9625,0.975,0.9875,1.0,0.975,0.975,1.0,0.975,0.975,0.9875,0.98125,0.011524430571616116,5,0.9875,0.9847222222222223,0.9847222222222223,0.9833333333333333,0.9861111111111112,0.9861111111111112,0.9847222222222223,0.9861111111111112,0.9861111111111112,0.9847222222222223,0.9854166666666666,0.0011197580205970375,0.9638157894736843,0.9762962962962962,0.9880952380952381,1.0,0.975,0.9756578947368422,1.0,0.9756944444444444,0.975,0.9880208333333333,0.9817580496379839,0.011233864162107404,5,0.9874804189905666,0.9846962637381976,0.9846685280752022,0.9832823753340058,0.9860835481099658,0.9861105646256496,0.9846961008836307,0.9861064885388436,0.9860743364697271,0.9847005418056806,0.9853899166571471,0.0011292682646147155,0.9625,0.975,0.9875,1.0,0.975,0.975,1.0,0.975,0.975,0.9875,0.98125,0.011524430571616116,5,0.9875,0.9847222222222223,0.9847222222222223,0.9833333333333333,0.9861111111111112,0.9861111111111112,0.9847222222222223,0.9861111111111112,0.9861111111111112,0.9847222222222223,0.9854166666666666,0.0011197580205970375,0.9628543177323664,0.9747899635088118,0.9875298900047824,1.0,0.975,0.9750359401955148,1.0,0.9749630541871921,0.975,0.9874640598044854,0.9812637225433153,0.011478558703557046,5,0.9874867186799391,0.9847057178485632,0.9846876975417397,0.9832974261127254,0.9860934351362156,0.986100413142152,0.9847056287107367,0.9860983265364701,0.9860823368889909,0.9846905609453125,0.9853948261542845,0.0011258097668270192
23,0.19069793224334716,0.05319435800942419,0.03975975513458252,0.004822214657968952,30,3,"{'clf__C': 30, 'poly_feats__grade': 3}",0.9625,0.975,0.9875,1.0,0.975,0.975,1.0,0.9875,0.975,0.9875,0.9825,0.011456439237389609,3,0.9875,0.9875,0.9861111111111112,0.9861111111111112,0.9861111111111112,0.9861111111111112,0.9861111111111112,0.9861111111111112,0.9888888888888889,0.9875,0.9868055555555557,0.000931694990624909,0.9638157894736843,0.9762962962962962,0.9880952380952381,1.0,0.975,0.9756578947368422,1.0,0.9879807692307694,0.975,0.9880208333333333,0.9829866821166163,0.011175225248909407,3,0.9874804189905666,0.9874991438439936,0.9860830740253953,0.9860837188193117,0.9860835481099658,0.9861105646256496,0.9860848253291276,0.9861064885388436,0.988869816755321,0.9874804869137771,0.9867882085951951,0.0009330425805448482,0.9625,0.975,0.9875,1.0,0.975,0.975,1.0,0.9875,0.975,0.9875,0.9825,0.011456439237389609,3,0.9875,0.9875,0.9861111111111112,0.9861111111111112,0.9861111111111112,0.9861111111111112,0.9861111111111112,0.9861111111111112,0.9888888888888889,0.9875,0.9868055555555557,0.000931694990624909,0.9628543177323664,0.9747899635088118,0.9875298900047824,1.0,0.975,0.9750359401955148,1.0,0.9874070317782284,0.975,0.9874640598044854,0.9825081203024189,0.011402322868185008,3,0.9874867186799391,0.9874958748597452,0.9860931118689739,0.9860934108538169,0.9860934351362156,0.986100413142152,0.9860940167381439,0.9860983265364701,0.9888753286080328,0.9874868157422115,0.9867917452165702,0.0009333927571776957
24,0.1834096908569336,0.05433833626736426,0.0365333080291748,0.009991439631698625,100,1,"{'clf__C': 100, 'poly_feats__grade': 1}",0.9625,0.975,0.975,1.0,0.975,0.975,0.9875,0.9625,0.975,0.9875,0.9775,0.010897247358851688,9,0.9861111111111112,0.9833333333333333,0.9833333333333333,0.9833333333333333,0.9861111111111112,0.9861111111111112,0.9833333333333333,0.9861111111111112,0.9847222222222223,0.9847222222222223,0.9847222222222223,0.0012422599874999285,0.9638157894736843,0.9762962962962962,0.975,1.0,0.975,0.9756578947368422,0.9883928571428571,0.962673611111111,0.975,0.9880208333333333,0.9779857282094124,0.010788441182340684,9,0.9860726149758949,0.9833333333333333,0.9832808174405712,0.983325867972607,0.9860835481099658,0.9861105646256496,0.9833233730158093,0.9861064885388436,0.9846699643576108,0.9847005418056806,0.9847007114175966,0.0012422670722097044,0.9625,0.975,0.975,1.0,0.975,0.975,0.9875,0.9625,0.975,0.9875,0.9775,0.010897247358851688,9,0.9861111111111112,0.9833333333333333,0.9833333333333333,0.9833333333333333,0.9861111111111112,0.9861111111111112,0.9833333333333333,0.9861111111111112,0.9847222222222223,0.9847222222222223,0.9847222222222223,0.0012422599874999285,0.9628543177323664,0.9747899635088118,0.975,1.0,0.975,0.9750359401955148,0.9876039304610733,0.962295918367347,0.975,0.9874640598044854,0.9775044130069598,0.010887826687102293,9,0.9860813374863536,0.9833333333333333,0.9832965856205407,0.9833191503058821,0.9860934351362156,0.986100413142152,0.9833178610605845,0.9860983265364701,0.9846883896874686,0.9846905609453125,0.9847019393254313,0.0012418058910505668
25,0.17979860305786133,0.049085245691535835,0.037185263633728025,0.005093991719321869,100,2,"{'clf__C': 100, 'poly_feats__grade': 2}",0.9625,0.975,0.9875,1.0,0.975,0.975,1.0,0.9875,0.975,0.9875,0.9825,0.011456439237389609,3,0.9888888888888889,0.9875,0.9861111111111112,0.9861111111111112,0.9861111111111112,0.9861111111111112,0.9847222222222223,0.9875,0.9888888888888889,0.9875,0.9869444444444445,0.0012729376930432845,0.9638157894736843,0.9762962962962962,0.9880952380952381,1.0,0.975,0.9756578947368422,1.0,0.9879807692307694,0.975,0.9880208333333333,0.9829866821166163,0.011175225248909407,3,0.9888888888888889,0.9874991438439936,0.9860830740253953,0.9860837188193117,0.9860835481099658,0.9861105646256496,0.9846961008836307,0.9875153754571526,0.988869816755321,0.9874804869137771,0.9869310718323085,0.001279901717260598,0.9625,0.975,0.9875,1.0,0.975,0.975,1.0,0.9875,0.975,0.9875,0.9825,0.011456439237389609,3,0.9888888888888889,0.9875,0.9861111111111112,0.9861111111111112,0.9861111111111112,0.9861111111111112,0.9847222222222223,0.9875,0.9888888888888889,0.9875,0.9869444444444445,0.0012729376930432845,0.9628543177323664,0.9747899635088118,0.9875298900047824,1.0,0.975,0.9750359401955148,1.0,0.9874070317782284,0.975,0.9874640598044854,0.9825081203024189,0.011402322868185008,3,0.9888888888888889,0.9874958748597452,0.9860931118689739,0.9860934108538169,0.9860934351362156,0.986100413142152,0.9847056287107367,0.9875039799779343,0.9888753286080328,0.9874868157422115,0.9869336887788709,0.0012773907016249495
26,0.19961149692535402,0.050760408763979005,0.038255715370178224,0.010432840444197167,100,3,"{'clf__C': 100, 'poly_feats__grade': 3}",0.975,0.975,0.9875,1.0,0.975,0.975,1.0,0.9875,0.975,0.9875,0.98375,0.009762812094883333,1,0.9902777777777778,0.9888888888888889,0.9888888888888889,0.9875,0.9875,0.9888888888888889,0.9875,0.9888888888888889,0.9902777777777778,0.9888888888888889,0.9887499999999999,0.0009722222222222187,0.975,0.9762962962962962,0.9880952380952381,1.0,0.975,0.9756578947368422,1.0,0.9879807692307694,0.975,0.9880208333333333,0.9841051031692478,0.009657183355585524,1,0.9902782817287533,0.9889035861258083,0.9889022435897435,0.9874979714580001,0.987498504784689,0.9888888888888889,0.9874995114133834,0.9888888888888889,0.9902771990396253,0.9888888888888889,0.988752396480667,0.0009731443441799322,0.975,0.975,0.9875,1.0,0.975,0.975,1.0,0.9875,0.975,0.9875,0.98375,0.009762812094883333,1,0.9902777777777778,0.9888888888888889,0.9888888888888889,0.9875,0.9875,0.9888888888888889,0.9875,0.9888888888888889,0.9902777777777778,0.9888888888888889,0.9887499999999999,0.0009722222222222187,0.975,0.9747899635088118,0.9875298900047824,1.0,0.975,0.9750359401955148,1.0,0.9874070317782284,0.975,0.9874640598044854,0.9837226885291822,0.009774854592993747,1,0.9902742527057028,0.9888813873315003,0.9888803416173488,0.9874952531292116,0.987495517604608,0.9888888888888889,0.9874960632804777,0.9888888888888889,0.9902737300141673,0.9888888888888889,0.9887463212349683,0.0009724998282223752
